,COUNTRY_low_pfr,loan_buck_5,ACTIVITY_low_pfr
0,0.6361216450349292,0.3950635712800404,0.7218340611353711
